type;id;room;employee;start;end;extra
PAST;1;Альфа;Иванов И.;2025-03-03T09:00;2025-03-03T10:30;
SINGLE;2;Бета;Петрова А.;2026-10-05T11:00;2026-10-05T12:00
SINGLE;abc;Бета;Петрова А.;2026-10-05T11:00;2026-10-05T12:00;неверный id
SINGLE;4;Гамма;Кузнецова М.;вчера;2026-10-05T15:00;неверная дата
SINGLE;5;Гамма;Кузнецова М.;2026-10-05T16:00;2026-10-05T15:00;конец раньше начала
WEEKLY;6;Альфа;Смирнов Д.;2026-10-06T16:00;2026-10-06T17:00;
RECURRING;7;Альфа;Смирнов Д.;2026-10-06T16:00;2026-10-06T17:00;FUNDAY
SINGLE;1;Альфа;Дубликат id;2026-10-07T10:00;2026-10-07T11:00;повторяющийся id
SINGLE;9;Дельта;Орлов К.;2026-10-08T10:00;2026-10-08T11:00;Эта строка корректна
